,Distribution,ACF,R2 Score
RNN,0.4381909547738693,1.268827019043701,-3.170408617311657
SDE,1.2067001675041875,2.13023878409775,-0.015643285090950698
fSDE,1.3668341708542713,1.3676047158560989,-0.027324839867832962
