,Distribution,ACF,R2 Score,Hurst
RNN,0.3894545454545454,1.835949295882795,-3.6247194179589917,0.5362963892821679
SDE,0.17236363636363639,1.9433769662128393,-2.2587685565861966,0.22789279001218155
fSDE,0.14836363636363634,1.9379471883772577,-1.4986011150453256,0.52447771475769
Original,-,-,-,0.33481486795775767
