,Distribution,ACF,R2 Score
RNN,0.4763819095477388,0.4144697437241908,-2.8667257082319497
SDE,1.2147403685092126,0.7167555475417177,-0.06826904099363329
fSDE,1.5202680067001675,0.5041136416413756,0.0034351859643124705
