,Distribution,ACF,R2 Score,Hurst
RNN,0.4817420435510888,1.2125480248796474,-3.718001994903963,0.4987179097149711
SDE,1.2562814070351755,1.2468044145200396,-0.018370668551719094,0.6997096438609094
fSDE,0.7584589614740368,1.3413479527066856,-0.2328879591629507,0.3059395212562776
Original,-,-,-,0.5472967848655801
