,Distribution,ACF,R2 Score,Hurst
RNN,0.45963149078726967,0.8696378443316585,-2.513366393285777,0.4557583063678676
SDE,0.9594639865996649,1.2104372452793617,-0.20399376081691822,0.5617424895669308
fSDE,0.32763819095477387,1.046107150626108,-0.880833942180143,0.2871592642193582
Original,-,-,-,0.43266765920339206
