,Distribution,ACF,R2 Score
RNN,0.3390284757118928,0.4132192295946212,-1.875807050247777
SDE,0.6365159128978225,0.7182344710866017,-0.2884479406597522
fSDE,1.0003350083752094,0.5030649631689226,-0.060034294994393056
