,Distribution,ACF,R2 Score,Hurst
RNN,0.2687272727272727,1.230684241949077,-1.739019319976749,0.5271619711195095
SDE,0.17018181818181818,1.4270397447259136,-1.5968419290076739,0.32283976815184534
fSDE,0.10945454545454544,1.14804568822085,-1.5981855355848191,0.4228630249809083
Original,-,-,-,0.38031172595052914
