,Distribution,ACF,R2 Score
RNN,0.3544388609715244,0.9062044490991733,-2.0658239566404757
SDE,0.16616415410385263,1.0819632760850317,-2.199108508366825
fSDE,0.8871021775544388,0.9518417115730516,-0.11335160213528805
