,ACF,MMD,R2
SDE,0.7110168146817504,?,?
fSDE,0.49181908933992685,?,?
