,Distribution,ACF,R2 Score
RNN,0.5353433835845897,0.5133824648050486,-2.7384467126672876
SDE,0.41407035175879403,0.8654699537151386,-0.5245062211944496
fSDE,0.20301507537688449,0.6432603142366989,-1.0274775812310657
