,Distribution,ACF,R2 Score
RNN,0.6144053601340034,1.558722678064218,-3.7189098809410828
SDE,0.22646566164154114,1.7004712484799758,-1.791366673944963
fSDE,0.3932998324958124,1.7147628959965429,-0.6196985355901019
