,ACF,MMD,R2
SDE,0.8392975741164173,?,?
fSDE,0.6810533044070265,?,?
