,Distribution,ACF,R2 Score,Hurst
RNN,0.520603015075377,1.528820789889479,-2.233509576593668,0.42260365375081765
SDE,0.21842546063651597,1.6788439086567313,-1.1364433012565969,0.46998906780308536
fSDE,0.20100502512562815,1.7057566883444648,-1.111214549714365,0.06175482295347331
Original,-,-,-,0.4551400972439019
